Workbook

Sheet Primary Data
J2: Libre Chapter Reference | K2: 4 | L2: 4 | M2: 7 | N2: 4 | O2: 1 | P2: 1 | Q2: 1 | R2: 1 | S2: 2 | T2: 3 | U2: 3 | V2: 3 | W2: 4 | X2: 4 | Y2: 4 | Z2: 4 | AA2: 6 | AB2: 6 | AC2: 6 | AD2: 12 | AE2: 5 | AF2: 11 | AG2: 11 | AH2: 11 | AI2: 8 | AJ2: 7 | AK2: 8 | AL2: 6 | AM2: 9 | AN2: 9 | AO2: 9 | AP2: 9 | AQ2: 10 | AR2: 10 | AS2: 10 | AT2: 10 | AU2: 12 | AV2: 10 | AW2: 10 | AX2: 12 | AY2: 14 | AZ2: 14 | BA2: 14 | BB2: 14 | BC2: 13 | BD2: 13 | BE2: 13 | BF2: 7 | BG2: 13 | BH2: 11
J3: SLO | K3: 2 | L3: 2 | M3: 2 | N3: 2 | O3: 1 | P3: 1 | Q3: 1 | R3: 1 | S3: 2 | T3: 2 | U3: 2 | V3: 2 | W3: 2 | X3: 2 | Y3: 2 | Z3: 2 | AC3: 2 | AD3: 1 | AE3: 1 | AF3: 1 | AG3: 1 | AH3: 1 | AI3: 2 | AJ3: 2 | AK3: 1 | AL3: 2 | AM3: 1 | AN3: 1 | AO3: 2 | AP3: 2 | AQ3: 2 | AR3: 2 | AS3: 2 | AT3: 2 | AU3: 1 | AV3: 2 | AW3: 2 | AX3: 2 | AY3: 2 | AZ3: 1 | BB3: 2 | BC3: 2 | BD3: 2 | BH3: 2
G4: SLO 1 Qs | I4: SLO 2 Qs
E5: KEY | G5: =COUNTIF(K3:BH3,1) -> 14 | I5: =COUNTIF(K3:BH3,2) -> 30 | K5: D | L5: C | M5: A | N5: D | O5: D | P5: B | Q5: B | R5: C | S5: B | T5: C | U5: B | V5: C | W5: D | X5: D | Y5: A | Z5: C | AA5: A | AB5: B | AC5: B | AD5: C | AE5: C | AF5: D | AG5: B | AH5: D | AI5: C | AJ5: A | AK5: A | AL5: C | AM5: C | AN5: A | AO5: D | AP5: D | AQ5: A | AR5: B | AS5: D | AT5: B | AU5: B | AV5: D | AW5: C | AX5: D | AY5: A | AZ5: B | BA5: A | BB5: C | BC5: D | BD5: B | BE5: A | BF5: A | BG5: B | BH5: A
B6: Two-level sort: section then name
A7: ID1 | B7: Student | C7: Section | D7: Email | E7: Correct | F7: % Correct | G7: SLO 1 subscore | H7: % SLO 1 | I7: SLO 2 subscore | J7: % SLO 2 | K7: Q 1 | L7: Q 2 | M7: Q 3 | N7: Q 4 | O7: Q 5 | P7: Q 6 | Q7: Q 7 | R7: Q 8 | S7: Q 9 | T7: Q 10 | U7: Q 11 | V7: Q 12 | W7: Q 13 | X7: Q 14 | Y7: Q 15 | Z7: Q 16 | AA7: Q 17 | AB7: Q 18 | AC7: Q 19 | AD7: Q 20 | AE7: Q 21 | AF7: Q 22 | AG7: Q 23 | AH7: Q 24 | AI7: Q 25 | AJ7: Q 26 | AK7: Q 27 | AL7: Q 28 | AM7: Q 29 | AN7: Q 30 | AO7: Q 31 | AP7: Q 32 | AQ7: Q 33 | AR7: Q 34 | AS7: Q 35 | AT7: Q 36 | AU7: Q 37 | AV7: Q 38 | AW7: Q 39 | AX7: Q 40 | AY7: Q 41 | AZ7: Q 42 | BA7: Q 43 | BB7: Q 44 | BC7: Q 45 | BD7: Q 46 | BE7: Q 47 | BF7: Q 48 | BG7: Q 49 | BH7: Q 50
A8: 694264 | B8: Andrade, Antonio | C8: 43957 | D8: AAndrade26@MY.SCCCD.EDU | E8: {=SUMPRODUCT(--(K8:BH8=$K$5:$BH$5))} -> 24 | F8: =E8/50*100 -> 48 | G8: {=SUMPRODUCT(--(K8:BH8=$K$5:$BH$5), --($K$3:$BH$3=1))} -> 6 | H8: =G8/$G$5*100 -> 42.857143 | I8: {=SUMPRODUCT(--(K8:BH8=$K$5:$BH$5), --($K$3:$BH$3=2))} -> 13 | J8: =I8/$I$5*100 -> 43.333333 | K8: D | L8: B | M8: C | N8: B | O8: D | P8: C | Q8: A | R8: C | S8: C | T8: C | U8: B | V8: C | W8: D | X8: D | Y8: B | Z8: D | AA8: A | AB8: B | AC8: B | AD8: B | AE8: C | AF8: C | AG8: D | AH8: A | AI8: C | AJ8: A | AK8: C | AL8: A | AM8: C | AN8: C | AO8: C | AP8: C | AQ8: A | AR8: C | AS8: A | AT8: B | AU8: B | AV8: A | AW8: D | AX8: C | AY8: A | AZ8: B | BA8: A | BB8: C | BC8: C | BD8: D | BE8: C | BF8: A | BG8: B | BH8: B
A9: 873290 | B9: Aquino, Hailey | C9: 43957 | D9: HJAquino1@MY.SCCCD.EDU | E9: {=SUMPRODUCT(--(K9:BH9=$K$5:$BH$5))} -> 42 | F9: =E9/50*100 -> 84 | G9: {=SUMPRODUCT(--(K9:BH9=$K$5:$BH$5), --($K$3:$BH$3=1))} -> 12 | H9: =G9/$G$5*100 -> 85.714286 | I9: {=SUMPRODUCT(--(K9:BH9=$K$5:$BH$5), --($K$3:$BH$3=2))} -> 26 | J9: =I9/$I$5*100 -> 86.666667 | K9: D | L9: A | M9: A | N9: D | O9: D | P9: A | Q9: B | R9: C | S9: B | T9: D | U9: B | V9: C | W9: D | X9: D | Y9: A | Z9: C | AA9: A | AB9: B | AC9: B | AD9: A | AE9: C | AF9: D | AG9: B | AH9: D | AI9: C | AJ9: A | AK9: A | AL9: C | AM9: C | AN9: A | AO9: C | AP9: D | AQ9: A | AR9: B | AS9: D | AT9: B | AU9: B | AV9: D | AW9: C | AX9: B | AY9: A | AZ9: B | BA9: C | BB9: C | BC9: D | BD9: B | BE9: B | BF9: A | BG9: B | BH9: A | BJ9: mean | BK9: 21.1875
A10: 576373 | B10: Ceballos, Ariel | C10: 43957 | D10: AMCeballos1@MY.SCCCD.EDU | E10: {=SUMPRODUCT(--(K10:BH10=$K$5:$BH$5))} -> 29 | F10: =E10/50*100 -> 58 | G10: {=SUMPRODUCT(--(K10:BH10=$K$5:$BH$5), --($K$3:$BH$3=1))} -> 7 | H10: =G10/$G$5*100 -> 50 | I10: {=SUMPRODUCT(--(K10:BH10=$K$5:$BH$5), --($K$3:$BH$3=2))} -> 19 | J10: =I10/$I$5*100 -> 63.333333 | K10: D | L10: C | M10: A | N10: C | O10: D | P10: A | Q10: B | R10: C | S10: B | T10: B | U10: B | V10: C | W10: D | X10: B | Y10: C | Z10: D | AA10: A | AB10: C | AC10: D | AD10: C | AE10: B | AF10: B | AG10: B | AH10: B | AI10: B | AJ10: B | AK10: C | AL10: C | AM10: D | AN10: A | AO10: D | AP10: D | AQ10: A | AR10: B | AS10: D | AT10: B | AU10: B | AV10: C | AW10: B | AX10: B | AY10: A | AZ10: A | BA10: A | BB10: C | BC10: D | BD10: B | BE10: C | BF10: D | BG10: B | BH10: A | BJ10: std dev | BK10: 6.908694
A11: 994114 | B11: Corea, Kristie | C11: 43957 | D11: KNCorea1@MY.SCCCD.EDU | E11: {=SUMPRODUCT(--(K11:BH11=$K$5:$BH$5))} -> 17 | F11: =E11/50*100 -> 34 | G11: {=SUMPRODUCT(--(K11:BH11=$K$5:$BH$5), --($K$3:$BH$3=1))} -> 3 | H11: =G11/$G$5*100 -> 21.428571 | I11: {=SUMPRODUCT(--(K11:BH11=$K$5:$BH$5), --($K$3:$BH$3=2))} -> 13 | J11: =I11/$I$5*100 -> 43.333333 | K11: C | L11: D | M11: A | N11: B | O11: B | P11: A | Q11: C | R11: C | S11: B | T11: C | U11: B | V11: C | W11: B | X11: B | Y11: B | Z11: C | AA11: C | AB11: D | AC11: D | AD11: A | AE11: B | AF11: C | AG11: B | AH11: B | AI11: B | AJ11: C | AK11: B | AL11: A | AM11: B | AN11: C | AO11: D | AP11: A | AQ11: A | AR11: B | AS11: D | AT11: C | AU11: A | AV11: D | AW11: A | AX11: B | AY11: C | AZ11: B | BA11: C | BB11: A | BC11: D | BD11: A | BE11: B | BF11: A | BG11: D | BH11: A | BJ11: median | BK11: 20.5
A12: 1024952 | B12: Cuevas Romero, Ana | C12: 43957 | D12: ADCuevasRomero1@MY.SCCCD.EDU | E12: {=SUMPRODUCT(--(K12:BH12=$K$5:$BH$5))} -> 16 | F12: =E12/50*100 -> 32 | G12: {=SUMPRODUCT(--(K12:BH12=$K$5:$BH$5), --($K$3:$BH$3=1))} -> 4 | H12: =G12/$G$5*100 -> 28.571429 | I12: {=SUMPRODUCT(--(K12:BH12=$K$5:$BH$5), --($K$3:$BH$3=2))} -> 10 | J12: =I12/$I$5*100 -> 33.333333 | K12: D | L12: A | M12: D | N12: D | O12: D | P12: C | Q12: B | R12: B | S12: D | T12: A | U12: B | V12: A | W12: B | X12: C | Y12: A | Z12: B | AA12: D | AB12: D | AC12: A | AD12: A | AE12: B | AF12: C | AG12: D | AH12: B | AI12: D | AJ12: A | AK12: C | AL12: (B,D) | AM12: C | AN12: D | AO12: C | AP12: B | AQ12: A | AR12: BLANK | AS12: A | AT12: B | AU12: B | AV12: A | AW12: B | AX12: D | AY12: B | AZ12: C | BA12: A | BB12: B | BC12: C | BD12: B | BE12: B | BF12: D | BG12: B | BH12: A | BJ12: mode | BK12: 16
A13: 888543 | B13: Esparza, Beatrice | C13: 43957 | D13: BMEsparza1@MY.SCCCD.EDU | E13: {=SUMPRODUCT(--(K13:BH13=$K$5:$BH$5))} -> 18 | F13: =E13/50*100 -> 36 | G13: {=SUMPRODUCT(--(K13:BH13=$K$5:$BH$5), --($K$3:$BH$3=1))} -> 4 | H13: =G13/$G$5*100 -> 28.571429 | I13: {=SUMPRODUCT(--(K13:BH13=$K$5:$BH$5), --($K$3:$BH$3=2))} -> 11 | J13: =I13/$I$5*100 -> 36.666667 | K13: D | L13: B | M13: A | N13: B | O13: B | P13: C | Q13: A | R13: B | S13: A | T13: C | U13: D | V13: C | W13: C | X13: D | Y13: C | Z13: B | AA13: A | AB13: A | AC13: B | AD13: A | AE13: C | AF13: B | AG13: A | AH13: A | AI13: B | AJ13: D | AK13: C | AL13: D | AM13: C | AN13: A | AO13: A | AP13: D | AQ13: A | AR13: D | AS13: D | AT13: D | AU13: B | AV13: C | AW13: C | AX13: B | AY13: C | AZ13: D | BA13: A | BB13: A | BC13: C | BD13: B | BE13: A | BF13: B | BG13: D | BH13: C | BJ13: high | BK13: 42
A14: 1039936 | B14: Gamez, Sergio | C14: 43957 | D14: SRGamez1@MY.SCCCD.EDU | E14: {=SUMPRODUCT(--(K14:BH14=$K$5:$BH$5))} -> 17 | F14: =E14/50*100 -> 34 | G14: {=SUMPRODUCT(--(K14:BH14=$K$5:$BH$5), --($K$3:$BH$3=1))} -> 3 | H14: =G14/$G$5*100 -> 21.428571 | I14: {=SUMPRODUCT(--(K14:BH14=$K$5:$BH$5), --($K$3:$BH$3=2))} -> 11 | J14: =I14/$I$5*100 -> 36.666667 | K14: D | L14: C | M14: C | N14: A | O14: B | P14: B | Q14: D | R14: C | S14: C | T14: B | U14: A | V14: A | W14: A | X14: B | Y14: C | Z14: D | AA14: A | AB14: A | AC14: B | AD14: B | AE14: A | AF14: A | AG14: A | AH14: B | AI14: C | AJ14: A | AK14: C | AL14: C | AM14: D | AN14: C | AO14: A | AP14: B | AQ14: C | AR14: C | AS14: C | AT14: B | AU14: B | AV14: D | AW14: C | AX14: C | AY14: D | AZ14: A | BA14: A | BB14: B | BC14: C | BD14: B | BE14: A | BF14: B | BG14: D | BH14: A | BJ14: low | BK14: 10
A15: 790131 | B15: Garcia, Andres | C15: 43957 | D15: AGarcia679@MY.SCCCD.EDU | E15: {=SUMPRODUCT(--(K15:BH15=$K$5:$BH$5))} -> 26 | F15: =E15/50*100 -> 52 | G15: {=SUMPRODUCT(--(K15:BH15=$K$5:$BH$5), --($K$3:$BH$3=1))} -> 7 | H15: =G15/$G$5*100 -> 50 | I15: {=SUMPRODUCT(--(K15:BH15=$K$5:$BH$5), --($K$3:$BH$3=2))} -> 15 | J15: =I15/$I$5*100 -> 50 | K15: D | L15: C | M15: C | N15: C | O15: D | P15: B | Q15: D | R15: C | S15: B | T15: C | U15: A | V15: C | W15: A | X15: B | Y15: A | Z15: D | AA15: A | AB15: B | AC15: B | AD15: C | AE15: C | AF15: B | AG15: D | AH15: B | AI15: B | AJ15: A | AK15: C | AL15: A | AM15: A | AN15: B | AO15: D | AP15: A | AQ15: A | AR15: B | AS15: D | AT15: D | AU15: B | AV15: C | AW15: A | AX15: C | AY15: A | AZ15: B | BA15: A | BB15: C | BC15: C | BD15: D | BE15: C | BF15: A | BG15: D | BH15: A | BJ15: count | BK15: 48
A16: 490011 | B16: Garcia, Sabrina | C16: 43957 | D16: SRGarcia4@MY.SCCCD.EDU | E16: {=SUMPRODUCT(--(K16:BH16=$K$5:$BH$5))} -> 16 | F16: =E16/50*100 -> 32 | G16: {=SUMPRODUCT(--(K16:BH16=$K$5:$BH$5), --($K$3:$BH$3=1))} -> 6 | H16: =G16/$G$5*100 -> 42.857143 | I16: {=SUMPRODUCT(--(K16:BH16=$K$5:$BH$5), --($K$3:$BH$3=2))} -> 8 | J16: =I16/$I$5*100 -> 26.666667 | K16: C | L16: D | M16: D | N16: C | O16: D | P16: B | Q16: D | R16: B | S16: D | T16: C | U16: A | V16: C | W16: C | X16: A | Y16: B | Z16: A | AA16: B | AB16: D | AC16: A | AD16: D | AE16: A | AF16: B | AG16: D | AH16: C | AI16: B | AJ16: D | AK16: A | AL16: D | AM16: C | AN16: A | AO16: A | AP16: D | AQ16: C | AR16: C | AS16: C | AT16: B | AU16: B | AV16: B | AW16: A | AX16: B | AY16: A | AZ16: A | BA16: A | BB16: C | BC16: D | BD16: D | BE16: D | BF16: B | BG16: B | BH16: A
A17: 871988 | B17: Hernan, Jazmine | C17: 43957 | D17: JHHernan1@MY.SCCCD.EDU | E17: {=SUMPRODUCT(--(K17:BH17=$K$5:$BH$5))} -> 16 | F17: =E17/50*100 -> 32 | G17: {=SUMPRODUCT(--(K17:BH17=$K$5:$BH$5), --($K$3:$BH$3=1))} -> 3 | H17: =G17/$G$5*100 -> 21.428571 | I17: {=SUMPRODUCT(--(K17:BH17=$K$5:$BH$5), --($K$3:$BH$3=2))} -> 12 | J17: =I17/$I$5*100 -> 40 | K17: C | L17: D | M17: A | N17: B | O17: B | P17: D | Q17: B | R17: C | S17: B | T17: B | U17: C | V17: A | W17: D | X17: D | Y17: B | Z17: B | AA17: A | AB17: D | AC17: B | AD17: C | AE17: D | AF17: A | AG17: A | AH17: B | AI17: D | AJ17: D | AK17: B | AL17: D | AM17: B | AN17: D | AO17: C | AP17: D | AQ17: A | AR17: C | AS17: D | AT17: B | AU17: A | AV17: A | AW17: C | AX17: B | AY17: A | AZ17: D | BA17: C | BB17: B | BC17: D | BD17: A | BE17: B | BF17: B | BG17: D | BH17: C
A18: 1028207 | B18: Lopez, Jovina | C18: 43957 | D18: JALopez110@MY.SCCCD.EDU | E18: {=SUMPRODUCT(--(K18:BH18=$K$5:$BH$5))} -> 15 | F18: =E18/50*100 -> 30 | G18: {=SUMPRODUCT(--(K18:BH18=$K$5:$BH$5), --($K$3:$BH$3=1))} -> 5 | H18: =G18/$G$5*100 -> 35.714286 | I18: {=SUMPRODUCT(--(K18:BH18=$K$5:$BH$5), --($K$3:$BH$3=2))} -> 7 | J18: =I18/$I$5*100 -> 23.333333 | K18: B | L18: D | M18: D | N18: B | O18: D | P18: D | Q18: B | R18: B | S18: D | T18: C | U18: A | V18: C | W18: C | X18: A | Y18: C | Z18: A | AA18: A | AB18: C | AC18: B | AD18: B | AE18: A | AF18: D | AG18: D | AH18: B | AI18: C | AJ18: C | AK18: B | AL18: A | AM18: A | AN18: C | AO18: C | AP18: A | AQ18: A | AR18: B | AS18: BLANK | AT18: BLANK | AU18: B | AV18: B | AW18: A | AX18: C | AY18: A | AZ18: B | BA18: A | BB18: B | BC18: C | BD18: A | BE18: A | BF18: C | BG18: D | BH18: B
A19: 345856 | B19: Marquez, Rocelia | C19: 43957 | D19: RMarquez33@MY.SCCCD.EDU | E19: {=SUMPRODUCT(--(K19:BH19=$K$5:$BH$5))} -> 25 | F19: =E19/50*100 -> 50 | G19: {=SUMPRODUCT(--(K19:BH19=$K$5:$BH$5), --($K$3:$BH$3=1))} -> 6 | H19: =G19/$G$5*100 -> 42.857143 | I19: {=SUMPRODUCT(--(K19:BH19=$K$5:$BH$5), --($K$3:$BH$3=2))} -> 17 | J19: =I19/$I$5*100 -> 56.666667 | K19: D | L19: B | M19: D | N19: D | O19: D | P19: D | Q19: C | R19: C | S19: B | T19: C | U19: B | V19: C | W19: C | X19: D | Y19: A | Z19: B | AA19: D | AB19: A | AC19: B | AD19: C | AE19: C | AF19: D | AG19: D | AH19: B | AI19: C | AJ19: A | AK19: A | AL19: A | AM19: D | AN19: B | AO19: A | AP19: C | AQ19: A | AR19: C | AS19: A | AT19: B | AU19: C | AV19: B | AW19: D | AX19: D | AY19: A | AZ19: D | BA19: C | BB19: C | BC19: B | BD19: B | BE19: A | BF19: A | BG19: A | BH19: B
A20: 986455 | B20: Moua, Haley | C20: 43957 | D20: HNMoua3@MY.SCCCD.EDU | E20: {=SUMPRODUCT(--(K20:BH20=$K$5:$BH$5))} -> 16 | F20: =E20/50*100 -> 32 | G20: {=SUMPRODUCT(--(K20:BH20=$K$5:$BH$5), --($K$3:$BH$3=1))} -> 5 | H20: =G20/$G$5*100 -> 35.714286 | I20: {=SUMPRODUCT(--(K20:BH20=$K$5:$BH$5), --($K$3:$BH$3=2))} -> 10 | J20: =I20/$I$5*100 -> 33.333333 | K20: D | L20: B | M20: A | N20: C | O20: B | P20: A | Q20: B | R20: C | S20: B | T20: B | U20: B | V20: C | W20: C | X20: C | Y20: B | Z20: D | AA20: B | AB20: B | AC20: A | AD20: B | AE20: B | AF20: B | AG20: B | AH20: B | AI20: D | AJ20: A | AK20: B | AL20: B | AM20: B | AN20: B | AO20: B | AP20: C | AQ20: A | AR20: B | AS20: B | AT20: B | AU20: B | AV20: A | AW20: B | AX20: B | AY20: D | AZ20: B | BA20: B | BB20: B | BC20: C | BD20: B | BE20: B | BF20: D | BG20: A | BH20: B
A21: 1047765 | B21: Munoz Cisneros, Evelyn | C21: 43957 | D21: EMunozCisneros1@MY.SCCCD.EDU | E21: {=SUMPRODUCT(--(K21:BH21=$K$5:$BH$5))} -> 15 | F21: =E21/50*100 -> 30 | G21: {=SUMPRODUCT(--(K21:BH21=$K$5:$BH$5), --($K$3:$BH$3=1))} -> 3 | H21: =G21/$G$5*100 -> 21.428571 | I21: {=SUMPRODUCT(--(K21:BH21=$K$5:$BH$5), --($K$3:$BH$3=2))} -> 10 | J21: =I21/$I$5*100 -> 33.333333 | K21: D | L21: A | M21: B | N21: D | O21: B | P21: C | Q21: A | R21: B | S21: C | T21: A | U21: B | V21: D | W21: C | X21: A | Y21: B | Z21: D | AA21: A | AB21: C | AC21: C | AD21: B | AE21: D | AF21: A | AG21: D | AH21: D | AI21: C | AJ21: C | AK21: A | AL21: C | AM21: B | AN21: A | AO21: D | AP21: C | AQ21: A | AR21: B | AS21: D | AT21: B | AU21: C | AV21: B | AW21: A | AX21: C | AY21: C | AZ21: D | BA21: B | BB21: A | BC21: C | BD21: A | BE21: A | BF21: B | BG21: D | BH21: B
A22: 1012960 | B22: Nounvilaythong, Samaria | C22: 43957 | D22: SVNounvilaythong1@MY.SCCCD.EDU | E22: {=SUMPRODUCT(--(K22:BH22=$K$5:$BH$5))} -> 17 | F22: =E22/50*100 -> 34 | G22: {=SUMPRODUCT(--(K22:BH22=$K$5:$BH$5), --($K$3:$BH$3=1))} -> 3 | H22: =G22/$G$5*100 -> 21.428571 | I22: {=SUMPRODUCT(--(K22:BH22=$K$5:$BH$5), --($K$3:$BH$3=2))} -> 11 | J22: =I22/$I$5*100 -> 36.666667 | K22: D | L22: B | M22: C | N22: B | O22: A | P22: D | Q22: C | R22: C | S22: B | T22: C | U22: A | V22: C | W22: A | X22: D | Y22: A | Z22: D | AA22: C | AB22: C | AC22: D | AD22: A | AE22: C | AF22: B | AG22: D | AH22: D | AI22: C | AJ22: A | AK22: C | AL22: C | AM22: D | AN22: B | AO22: A | AP22: C | AQ22: A | AR22: C | AS22: C | AT22: B | AU22: D | AV22: B | AW22: B | AX22: C | AY22: C | AZ22: A | BA22: D | BB22: A | BC22: C | BD22: D | BE22: A | BF22: A | BG22: B | BH22: B
A23: 1039827 | B23: Olea, Joscelyne | C23: 43957 | D23: JDOlea1@MY.SCCCD.EDU | E23: {=SUMPRODUCT(--(K23:BH23=$K$5:$BH$5))} -> 20 | F23: =E23/50*100 -> 40 | G23: {=SUMPRODUCT(--(K23:BH23=$K$5:$BH$5), --($K$3:$BH$3=1))} -> 5 | H23: =G23/$G$5*100 -> 35.714286 | I23: {=SUMPRODUCT(--(K23:BH23=$K$5:$BH$5), --($K$3:$BH$3=2))} -> 11 | J23: =I23/$I$5*100 -> 36.666667 | K23: D | L23: C | M23: C | N23: C | O23: C | P23: B | Q23: D | R23: C | S23: B | T23: C | U23: A | V23: A | W23: B | X23: A | Y23: A | Z23: B | AA23: A | AB23: D | AC23: C | AD23: A | AE23: C | AF23: B | AG23: B | AH23: D | AI23: C | AJ23: D | AK23: B | AL23: C | AM23: D | AN23: C | AO23: A | AP23: A | AQ23: A | AR23: A | AS23: D | AT23: C | AU23: C | AV23: C | AW23: D | AX23: B | AY23: C | AZ23: C | BA23: A | BB23: D | BC23: D | BD23: D | BE23: A | BF23: B | BG23: B | BH23: A
A24: 1035199 | B24: Pascale, Teah | C24: 43957 | D24: TMPascale1@MY.SCCCD.EDU | E24: {=SUMPRODUCT(--(K24:BH24=$K$5:$BH$5))} -> 18 | F24: =E24/50*100 -> 36 | G24: {=SUMPRODUCT(--(K24:BH24=$K$5:$BH$5), --($K$3:$BH$3=1))} -> 4 | H24: =G24/$G$5*100 -> 28.571429 | I24: {=SUMPRODUCT(--(K24:BH24=$K$5:$BH$5), --($K$3:$BH$3=2))} -> 12 | J24: =I24/$I$5*100 -> 40 | K24: D | L24: B | M24: D | N24: C | O24: A | P24: C | Q24: C | R24: C | S24: C | T24: B | U24: A | V24: C | W24: D | X24: B | Y24: B | Z24: D | AA24: A | AB24: D | AC24: B | AD24: C | AE24: C | AF24: B | AG24: A | AH24: B | AI24: C | AJ24: A | AK24: A | AL24: D | AM24: D | AN24: C | AO24: C | AP24: B | AQ24: A | AR24: B | AS24: D | AT24: B | AU24: A | AV24: A | AW24: D | AX24: B | AY24: A | AZ24: C | BA24: A | BB24: B | BC24: D | BD24: D | BE24: B | BF24: C | BG24: D | BH24: B
A25: 895473 | B25: Pedroza, Serena | C25: 43957 | D25: SRPedroza2@MY.SCCCD.EDU | E25: {=SUMPRODUCT(--(K25:BH25=$K$5:$BH$5))} -> 17 | F25: =E25/50*100 -> 34 | G25: {=SUMPRODUCT(--(K25:BH25=$K$5:$BH$5), --($K$3:$BH$3=1))} -> 3 | H25: =G25/$G$5*100 -> 21.428571 | I25: {=SUMPRODUCT(--(K25:BH25=$K$5:$BH$5), --($K$3:$BH$3=2))} -> 13 | J25: =I25/$I$5*100 -> 43.333333 | K25: D | L25: B | M25: A | N25: A | O25: A | P25: D | Q25: A | R25: C | S25: B | T25: C | U25: A | V25: C | W25: C | X25: A | Y25: B | Z25: D | AA25: A | AB25: A | AC25: B | AD25: C | AE25: B | AF25: C | AG25: C | AH25: B | AI25: C | AJ25: A | AK25: C | AL25: B | AM25: B | AN25: A | AO25: B | AP25: B | AQ25: A | AR25: D | AS25: D | AT25: B | AU25: C | AV25: B | AW25: B | AX25: A | AY25: C | AZ25: D | BA25: D | BB25: C | BC25: A | BD25: A | BE25: B | BF25: BLANK | BG25: A | BH25: A
A26: 523330 | B26: Pyle, Matthew | C26: 43957 | D26: MPyle1@MY.SCCCD.EDU | E26: {=SUMPRODUCT(--(K26:BH26=$K$5:$BH$5))} -> 21 | F26: =E26/50*100 -> 42 | G26: {=SUMPRODUCT(--(K26:BH26=$K$5:$BH$5), --($K$3:$BH$3=1))} -> 8 | H26: =G26/$G$5*100 -> 57.142857 | I26: {=SUMPRODUCT(--(K26:BH26=$K$5:$BH$5), --($K$3:$BH$3=2))} -> 11 | J26: =I26/$I$5*100 -> 36.666667 | K26: D | L26: C | M26: A | N26: B | O26: C | P26: B | Q26: B | R26: C | S26: B | T26: B | U26: A | V26: C | W26: C | X26: A | Y26: B | Z26: B | AA26: D | AB26: D | AC26: B | AD26: A | AE26: C | AF26: C | AG26: D | AH26: B | AI26: B | AJ26: D | AK26: A | AL26: B | AM26: D | AN26: A | AO26: C | AP26: B | AQ26: A | AR26: B | AS26: D | AT26: B | AU26: B | AV26: C | AW26: B | AX26: B | AY26: C | AZ26: B | BA26: A | BB26: C | BC26: C | BD26: D | BE26: A | BF26: C | BG26: A | BH26: B
A27: 964444 | B27: Ross, Derick | C27: 43957 | D27: DSRoss2@MY.SCCCD.EDU | E27: {=SUMPRODUCT(--(K27:BH27=$K$5:$BH$5))} -> 39 | F27: =E27/50*100 -> 78 | G27: {=SUMPRODUCT(--(K27:BH27=$K$5:$BH$5), --($K$3:$BH$3=1))} -> 12 | H27: =G27/$G$5*100 -> 85.714286 | I27: {=SUMPRODUCT(--(K27:BH27=$K$5:$BH$5), --($K$3:$BH$3=2))} -> 22 | J27: =I27/$I$5*100 -> 73.333333 | K27: D | L27: B | M27: A | N27: D | O27: D | P27: B | Q27: B | R27: B | S27: B | T27: C | U27: B | V27: C | W27: D | X27: D | Y27: C | Z27: C | AA27: A | AB27: B | AC27: B | AD27: A | AE27: C | AF27: D | AG27: B | AH27: D | AI27: B | AJ27: A | AK27: A | AL27: D | AM27: C | AN27: A | AO27: D | AP27: D | AQ27: A | AR27: B | AS27: D | AT27: C | AU27: B | AV27: D | AW27: A | AX27: A | AY27: A | AZ27: B | BA27: A | BB27: C | BC27: D | BD27: A | BE27: B | BF27: A | BG27: B | BH27: A
... A55: 754151 | B55: Zavala, Nia | C55: 43958 | D55: NRZavala2@MY.SCCCD.EDU | E55: {=SUMPRODUCT(--(K55:BH55=$K$5:$BH$5))} -> 19 | F55: =E55/50*100 -> 38 | G55: {=SUMPRODUCT(--(K55:BH55=$K$5:$BH$5), --($K$3:$BH$3=1))} -> 7 | H55: =G55/$G$5*100 -> 50 | I55: {=SUMPRODUCT(--(K55:BH55=$K$5:$BH$5), --($K$3:$BH$3=2))} -> 10 | J55: =I55/$I$5*100 -> 33.333333 | K55: A | L55: D | M55: D | N55: B | O55: D | P55: B | Q55: B | R55: C | S55: D | T55: C | U55: A | V55: C | W55: C | X55: A | Y55: C | Z55: D | AA55: C | AB55: D | AC55: B | AD55: B | AE55: B | AF55: C | AG55: B | AH55: C | AI55: A | AJ55: A | AK55: B | AL55: C | AM55: C | AN55: B | AO55: C | AP55: C | AQ55: A | AR55: C | AS55: A | AT55: C | AU55: B | AV55: C | AW55: C | AX55: D | AY55: A | AZ55: C | BA55: A | BB55: C | BC55: B | BD55: D | BE55: B | BF55: A | BG55: D | BH55: C
D57: mean | E57: =AVERAGE(E8:E55) -> 21.1875
D58: std dev | E58: =STDEV(E8:E55) -> 6.908694
D59: median | E59: =MEDIAN(E8:E55) -> 20.5
D60: mode | E60: =MODE(E8:E55) -> 16
D61: high | E61: =MAX(E8:E55) -> 42
D62: low | E62: =MIN(E8:E55) -> 10
D63: count | E63: =COUNT(E8:E55) -> 48

Sheet Course Grades
A1: Ordered by Section, Then Name
A2: Student | B2: SIS User ID | C2: Section | D2: Final Score | E2: Grade
A3: Andrade, Aaron | B3: 694264 | C3: CHEM-3A-43957-2025FA | D3: 74.84 | E3: B
A4: Aquino, Hailey | B4: 873290 | C4: CHEM-3A-43957-2025FA | D4: 90.89 | E4: A
A5: Ceballos, Ariel | B5: 576373 | C5: CHEM-3A-43957-2025FA | D5: 72.51 | E5: B
A6: Corea, Kristie | B6: 994114 | C6: CHEM-3A-43957-2025FA | D6: 60.97 | E6: C
A7: Cuevas Romero, Daniela | B7: 1024952 | C7: CHEM-3A-43957-2025FA | D7: 70.41 | E7: B
A8: Esparza, Beatrice | B8: 888543 | C8: CHEM-3A-43957-2025FA | D8: 57.89 | E8: C
A9: Fang, Pa | B9: 737921 | C9: CHEM-3A-43957-2025FA | D9: 49.3 | E9: D
A10: Gamez, Sergio | B10: 1039936 | C10: CHEM-3A-43957-2025FA | D10: 56.71 | E10: C
A11: Garcia, Andres | B11: 790131 | C11: CHEM-3A-43957-2025FA | D11: 75.18 | E11: B
A12: Garcia, Sabrina | B12: 490011 | C12: CHEM-3A-43957-2025FA | D12: 48.54 | E12: D
A13: Hernan, Jazmine | B13: 871988 | C13: CHEM-3A-43957-2025FA | D13: 54.7 | E13: D
A14: Lopez, Jovina | B14: 1028207 | C14: CHEM-3A-43957-2025FA | D14: 55.44 | E14: C
... A56: Zavala, Nia | B56: 754151 | C56: CHEM-3A-43958-2025FA | D56: 63.05 | E56: C

Sheet Lab Practical Score
A1: Student | B1: ID | C1: Score
A2: Andrade, Aaron | B2: 694264 | C2: 46
A3: Aquino, Hailey | B3: 873290 | C3: 58
A4: Arellano Cruz, Ashley | B4: 1016534 | C4: 50
A5: Becerril, Destiny | B5: 1070102 | C5: 50
A6: Bryant, Taj | B6: 1065569 | C6: 53
A7: Castro, Socorro | B7: 759215 | C7: 55
A8: Ceballos, Ariel | B8: 576373 | C8: 58
A9: Corea, Kristie | B9: 994114 | C9: 43
A10: Esparza, Beatrice | B10: 888543 | C10: 36
A11: Fang, Pa | B11: 737921 | C11: 40
A12: Gamez, Sergio | B12: 1039936 | C12: 68
A13: Garcia, Andres | B13: 790131 | C13: 57
... A50: Zavala, Nia | B50: 754151 | C50: 52

Sheet To Catherine
A1: Modality | B1: Campus | C1: Instructor | D1: Semester | E1: Year | F1: ACS Exam (G)OB | G1: SIS User ID | H1: Section | I1: Course Grade | J1: Overall ACS Raw Score (Out of 50) | K1: SLO 1: Quantitative (%) | L1: SLO 2: Qualitative (%) | M1: SLO 3: Lab Practical (%)
A2: F2F | B2: Main | C2: MH | D2: FA | E2: 25 | F2: 2018 | G2: ='Primary Data'!A8 -> 694264 | H2: ="CHEM-3A-"&'Primary Data'!C8&"-2025FA" -> CHEM-3A-43957-2025FA | I2: =_xlfn.XLOOKUP(G2,'Course Grades'!$B$3:$B$56,'Course Grades'!$E$3:$E$56) -> B | J2: ='Primary Data'!E8 -> 24 | K2: ='Primary Data'!H8 -> 42.857143 | L2: ='Primary Data'!J8 -> 43.333333 | M2: =_xlfn.XLOOKUP(G2,'Lab Practical Score'!$B$2:$B$50,'Lab Practical Score'!$C$2:$C$50) -> 46
A3: F2F | B3: Main | C3: MH | D3: FA | E3: 25 | F3: 2018 | G3: ='Primary Data'!A9 -> 873290 | H3: ="CHEM-3A-"&'Primary Data'!C9&"-2025FA" -> CHEM-3A-43957-2025FA | I3: =_xlfn.XLOOKUP(G3,'Course Grades'!$B$3:$B$56,'Course Grades'!$E$3:$E$56) -> A | J3: ='Primary Data'!E9 -> 42 | K3: ='Primary Data'!H9 -> 85.714286 | L3: ='Primary Data'!J9 -> 86.666667 | M3: =_xlfn.XLOOKUP(G3,'Lab Practical Score'!$B$2:$B$50,'Lab Practical Score'!$C$2:$C$50) -> 58
A4: F2F | B4: Main | C4: MH | D4: FA | E4: 25 | F4: 2018 | G4: ='Primary Data'!A10 -> 576373 | H4: ="CHEM-3A-"&'Primary Data'!C10&"-2025FA" -> CHEM-3A-43957-2025FA | I4: =_xlfn.XLOOKUP(G4,'Course Grades'!$B$3:$B$56,'Course Grades'!$E$3:$E$56) -> B | J4: ='Primary Data'!E10 -> 29 | K4: ='Primary Data'!H10 -> 50 | L4: ='Primary Data'!J10 -> 63.333333 | M4: =_xlfn.XLOOKUP(G4,'Lab Practical Score'!$B$2:$B$50,'Lab Practical Score'!$C$2:$C$50) -> 58
A5: F2F | B5: Main | C5: MH | D5: FA | E5: 25 | F5: 2018 | G5: ='Primary Data'!A11 -> 994114 | H5: ="CHEM-3A-"&'Primary Data'!C11&"-2025FA" -> CHEM-3A-43957-2025FA | I5: =_xlfn.XLOOKUP(G5,'Course Grades'!$B$3:$B$56,'Course Grades'!$E$3:$E$56) -> C | J5: ='Primary Data'!E11 -> 17 | K5: ='Primary Data'!H11 -> 21.428571 | L5: ='Primary Data'!J11 -> 43.333333 | M5: =_xlfn.XLOOKUP(G5,'Lab Practical Score'!$B$2:$B$50,'Lab Practical Score'!$C$2:$C$50) -> 43
A6: F2F | B6: Main | C6: MH | D6: FA | E6: 25 | F6: 2018 | G6: ='Primary Data'!A12 -> 1024952 | H6: ="CHEM-3A-"&'Primary Data'!C12&"-2025FA" -> CHEM-3A-43957-2025FA | I6: =_xlfn.XLOOKUP(G6,'Course Grades'!$B$3:$B$56,'Course Grades'!$E$3:$E$56) -> B | J6: ='Primary Data'!E12 -> 16 | K6: ='Primary Data'!H12 -> 28.571429 | L6: ='Primary Data'!J12 -> 33.333333 | M6: -
A7: F2F | B7: Main | C7: MH | D7: FA | E7: 25 | F7: 2018 | G7: ='Primary Data'!A13 -> 888543 | H7: ="CHEM-3A-"&'Primary Data'!C13&"-2025FA" -> CHEM-3A-43957-2025FA | I7: =_xlfn.XLOOKUP(G7,'Course Grades'!$B$3:$B$56,'Course Grades'!$E$3:$E$56) -> C | J7: ='Primary Data'!E13 -> 18 | K7: ='Primary Data'!H13 -> 28.571429 | L7: ='Primary Data'!J13 -> 36.666667 | M7: =_xlfn.XLOOKUP(G7,'Lab Practical Score'!$B$2:$B$50,'Lab Practical Score'!$C$2:$C$50) -> 36
A8: F2F | B8: Main | C8: MH | D8: FA | E8: 25 | F8: 2018 | G8: ='Primary Data'!A14 -> 1039936 | H8: ="CHEM-3A-"&'Primary Data'!C14&"-2025FA" -> CHEM-3A-43957-2025FA | I8: =_xlfn.XLOOKUP(G8,'Course Grades'!$B$3:$B$56,'Course Grades'!$E$3:$E$56) -> C | J8: ='Primary Data'!E14 -> 17 | K8: ='Primary Data'!H14 -> 21.428571 | L8: ='Primary Data'!J14 -> 36.666667 | M8: =_xlfn.XLOOKUP(G8,'Lab Practical Score'!$B$2:$B$50,'Lab Practical Score'!$C$2:$C$50) -> 68
A9: F2F | B9: Main | C9: MH | D9: FA | E9: 25 | F9: 2018 | G9: ='Primary Data'!A15 -> 790131 | H9: ="CHEM-3A-"&'Primary Data'!C15&"-2025FA" -> CHEM-3A-43957-2025FA | I9: =_xlfn.XLOOKUP(G9,'Course Grades'!$B$3:$B$56,'Course Grades'!$E$3:$E$56) -> B | J9: ='Primary Data'!E15 -> 26 | K9: ='Primary Data'!H15 -> 50 | L9: ='Primary Data'!J15 -> 50 | M9: =_xlfn.XLOOKUP(G9,'Lab Practical Score'!$B$2:$B$50,'Lab Practical Score'!$C$2:$C$50) -> 57
A10: F2F | B10: Main | C10: MH | D10: FA | E10: 25 | F10: 2018 | G10: ='Primary Data'!A16 -> 490011 | H10: ="CHEM-3A-"&'Primary Data'!C16&"-2025FA" -> CHEM-3A-43957-2025FA | I10: =_xlfn.XLOOKUP(G10,'Course Grades'!$B$3:$B$56,'Course Grades'!$E$3:$E$56) -> D | J10: ='Primary Data'!E16 -> 16 | K10: ='Primary Data'!H16 -> 42.857143 | L10: ='Primary Data'!J16 -> 26.666667 | M10: =_xlfn.XLOOKUP(G10,'Lab Practical Score'!$B$2:$B$50,'Lab Practical Score'!$C$2:$C$50) -> 56
A11: F2F | B11: Main | C11: MH | D11: FA | E11: 25 | F11: 2018 | G11: ='Primary Data'!A17 -> 871988 | H11: ="CHEM-3A-"&'Primary Data'!C17&"-2025FA" -> CHEM-3A-43957-2025FA | I11: =_xlfn.XLOOKUP(G11,'Course Grades'!$B$3:$B$56,'Course Grades'!$E$3:$E$56) -> D | J11: ='Primary Data'!E17 -> 16 | K11: ='Primary Data'!H17 -> 21.428571 | L11: ='Primary Data'!J17 -> 40 | M11: =_xlfn.XLOOKUP(G11,'Lab Practical Score'!$B$2:$B$50,'Lab Practical Score'!$C$2:$C$50) -> 30
A12: F2F | B12: Main | C12: MH | D12: FA | E12: 25 | F12: 2018 | G12: ='Primary Data'!A18 -> 1028207 | H12: ="CHEM-3A-"&'Primary Data'!C18&"-2025FA" -> CHEM-3A-43957-2025FA | I12: =_xlfn.XLOOKUP(G12,'Course Grades'!$B$3:$B$56,'Course Grades'!$E$3:$E$56) -> C | J12: ='Primary Data'!E18 -> 15 | K12: ='Primary Data'!H18 -> 35.714286 | L12: ='Primary Data'!J18 -> 23.333333 | M12: =_xlfn.XLOOKUP(G12,'Lab Practical Score'!$B$2:$B$50,'Lab Practical Score'!$C$2:$C$50) -> 41
A13: F2F | B13: Main | C13: MH | D13: FA | E13: 25 | F13: 2018 | G13: ='Primary Data'!A19 -> 345856 | H13: ="CHEM-3A-"&'Primary Data'!C19&"-2025FA" -> CHEM-3A-43957-2025FA | I13: =_xlfn.XLOOKUP(G13,'Course Grades'!$B$3:$B$56,'Course Grades'!$E$3:$E$56) -> C | J13: ='Primary Data'!E19 -> 25 | K13: ='Primary Data'!H19 -> 42.857143 | L13: ='Primary Data'!J19 -> 56.666667 | M13: =_xlfn.XLOOKUP(G13,'Lab Practical Score'!$B$2:$B$50,'Lab Practical Score'!$C$2:$C$50) -> 32
A14: F2F | B14: Main | C14: MH | D14: FA | E14: 25 | F14: 2018 | G14: ='Primary Data'!A20 -> 986455 | H14: ="CHEM-3A-"&'Primary Data'!C20&"-2025FA" -> CHEM-3A-43957-2025FA | I14: =_xlfn.XLOOKUP(G14,'Course Grades'!$B$3:$B$56,'Course Grades'!$E$3:$E$56) -> D | J14: ='Primary Data'!E20 -> 16 | K14: ='Primary Data'!H20 -> 35.714286 | L14: ='Primary Data'!J20 -> 33.333333 | M14: =_xlfn.XLOOKUP(G14,'Lab Practical Score'!$B$2:$B$50,'Lab Practical Score'!$C$2:$C$50) -> 57
A15: F2F | B15: Main | C15: MH | D15: FA | E15: 25 | F15: 2018 | G15: ='Primary Data'!A21 -> 1047765 | H15: ="CHEM-3A-"&'Primary Data'!C21&"-2025FA" -> CHEM-3A-43957-2025FA | I15: =_xlfn.XLOOKUP(G15,'Course Grades'!$B$3:$B$56,'Course Grades'!$E$3:$E$56) -> D | J15: ='Primary Data'!E21 -> 15 | K15: ='Primary Data'!H21 -> 21.428571 | L15: ='Primary Data'!J21 -> 33.333333 | M15: =_xlfn.XLOOKUP(G15,'Lab Practical Score'!$B$2:$B$50,'Lab Practical Score'!$C$2:$C$50) -> 60
A16: F2F | B16: Main | C16: MH | D16: FA | E16: 25 | F16: 2018 | G16: ='Primary Data'!A22 -> 1012960 | H16: ="CHEM-3A-"&'Primary Data'!C22&"-2025FA" -> CHEM-3A-43957-2025FA | I16: =_xlfn.XLOOKUP(G16,'Course Grades'!$B$3:$B$56,'Course Grades'!$E$3:$E$56) -> C | J16: ='Primary Data'!E22 -> 17 | K16: ='Primary Data'!H22 -> 21.428571 | L16: ='Primary Data'!J22 -> 36.666667 | M16: =_xlfn.XLOOKUP(G16,'Lab Practical Score'!$B$2:$B$50,'Lab Practical Score'!$C$2:$C$50) -> 59
A17: F2F | B17: Main | C17: MH | D17: FA | E17: 25 | F17: 2018 | G17: ='Primary Data'!A23 -> 1039827 | H17: ="CHEM-3A-"&'Primary Data'!C23&"-2025FA" -> CHEM-3A-43957-2025FA | I17: =_xlfn.XLOOKUP(G17,'Course Grades'!$B$3:$B$56,'Course Grades'!$E$3:$E$56) -> A | J17: ='Primary Data'!E23 -> 20 | K17: ='Primary Data'!H23 -> 35.714286 | L17: ='Primary Data'!J23 -> 36.666667 | M17: =_xlfn.XLOOKUP(G17,'Lab Practical Score'!$B$2:$B$50,'Lab Practical Score'!$C$2:$C$50) -> 78
A18: F2F | B18: Main | C18: MH | D18: FA | E18: 25 | F18: 2018 | G18: ='Primary Data'!A24 -> 1035199 | H18: ="CHEM-3A-"&'Primary Data'!C24&"-2025FA" -> CHEM-3A-43957-2025FA | I18: =_xlfn.XLOOKUP(G18,'Course Grades'!$B$3:$B$56,'Course Grades'!$E$3:$E$56) -> C | J18: ='Primary Data'!E24 -> 18 | K18: ='Primary Data'!H24 -> 28.571429 | L18: ='Primary Data'!J24 -> 40 | M18: =_xlfn.XLOOKUP(G18,'Lab Practical Score'!$B$2:$B$50,'Lab Practical Score'!$C$2:$C$50) -> 71
... A49: F2F | B49: Main | C49: MH | D49: FA | E49: 25 | F49: 2018 | G49: ='Primary Data'!A55 -> 754151 | H49: ="CHEM-3A-"&'Primary Data'!C55&"-2025FA" -> CHEM-3A-43958-2025FA | I49: =_xlfn.XLOOKUP(G49,'Course Grades'!$B$3:$B$56,'Course Grades'!$E$3:$E$56) -> C | J49: ='Primary Data'!E55 -> 19 | K49: ='Primary Data'!H55 -> 50 | L49: ='Primary Data'!J55 -> 33.333333 | M49: =_xlfn.XLOOKUP(G49,'Lab Practical Score'!$B$2:$B$50,'Lab Practical Score'!$C$2:$C$50) -> 52
